{
"type": "FeatureCollection",
"name": "turkiye_iller",
"features": [
{ "type": "Feature", "properties": { "ogc_fid": 1, "il_adi": "ADANA", "ilce_adi": null, "tİpİ": "İL" }, "geometry": { "type": "Point", "coordinates": [ 35.333682530494769, 36.984514470748579 ] } },
{ "type": "Feature", "properties": { "ogc_fid": 2, "il_adi": "ADIYAMAN", "ilce_adi": null, "tİpİ": "İL" }, "geometry": { "type": "Point", "coordinates": [ 38.273491838384736, 37.755452520114368 ] } },
{ "type": "Feature", "properties": { "ogc_fid": 3, "il_adi": "AFYONKARAHİSAR", "ilce_adi": null, "tİpİ": "İL" }, "geometry": { "type": "Point", "coordinates": [ 30.536847642530411, 38.75811821792405 ] } },
{ "type": "Feature", "properties": { "ogc_fid": 4, "il_adi": "AĞRI", "ilce_adi": null, "tİpİ": "İL" }, "geometry": { "type": "Point", "coordinates": [ 43.040151203412364, 39.714665625529612 ] } },
{ "type": "Feature", "properties": { "ogc_fid": 5, "il_adi": "AMASYA", "ilce_adi": null, "tİpİ": "İL" }, "geometry": { "type": "Point", "coordinates": [ 35.826664944455409, 40.651574361219247 ] } },
{ "type": "Feature", "properties": { "ogc_fid": 6, "il_adi": "ANKARA", "ilce_adi": null, "tİpİ": "İL" }, "geometry": { "type": "Point", "coordinates": [ 32.8478469952843, 39.938336544879682 ] } },
{ "type": "Feature", "properties": { "ogc_fid": 7, "il_adi": "ANTALYA", "ilce_adi": null, "tİpİ": "İL" }, "geometry": { "type": "Point", "coordinates": [ 30.69624900369611, 36.907104175006189 ] } },
{ "type": "Feature", "properties": { "ogc_fid": 8, "il_adi": "ARTVİN", "ilce_adi": null, "tİpİ": "İL" }, "geometry": { "type": "Point", "coordinates": [ 41.841180640370993, 41.178992983404974 ] } },
{ "type": "Feature", "properties": { "ogc_fid": 9, "il_adi": "AYDIN", "ilce_adi": null, "tİpİ": "İL" }, "geometry": { "type": "Point", "coordinates": [ 27.837695319786853, 37.840736479004022 ] } },
{ "type": "Feature", "properties": { "ogc_fid": 10, "il_adi": "BİLECİK", "ilce_adi": null, "tİpİ": "İL" }, "geometry": { "type": "Point", "coordinates": [ 29.982389754845361, 40.146656382695639 ] } },
{ "type": "Feature", "properties": { "ogc_fid": 11, "il_adi": "BİNGÖL", "ilce_adi": null, "tİpİ": "İL" }, "geometry": { "type": "Point", "coordinates": [ 40.487215959739942, 38.883751300110625 ] } },
{ "type": "Feature", "properties": { "ogc_fid": 12, "il_adi": "BİTLİS", "ilce_adi": null, "tİpİ": "İL" }, "geometry": { "type": "Point", "coordinates": [ 42.116956036443753, 38.39965822185264 ] } },
{ "type": "Feature", "properties": { "ogc_fid": 13, "il_adi": "BOLU", "ilce_adi": null, "tİpİ": "İL" }, "geometry": { "type": "Point", "coordinates": [ 31.585411668766941, 40.741164937053597 ] } },
{ "type": "Feature", "properties": { "ogc_fid": 14, "il_adi": "BURDUR", "ilce_adi": null, "tİpİ": "İL" }, "geometry": { "type": "Point", "coordinates": [ 30.283236949431604, 37.720415885162993 ] } },
{ "type": "Feature", "properties": { "ogc_fid": 15, "il_adi": "BURSA", "ilce_adi": null, "tİpİ": "İL" }, "geometry": { "type": "Point", "coordinates": [ 29.058915786246871, 40.196500796932078 ] } },
{ "type": "Feature", "properties": { "ogc_fid": 16, "il_adi": "ÇANAKKALE", "ilce_adi": null, "tİpİ": "İL" }, "geometry": { "type": "Point", "coordinates": [ 26.419270009540604, 40.123798827450521 ] } },
{ "type": "Feature", "properties": { "ogc_fid": 17, "il_adi": "ÇANKIRI", "ilce_adi": null, "tİpİ": "İL" }, "geometry": { "type": "Point", "coordinates": [ 33.610191856732335, 40.590989148150314 ] } },
{ "type": "Feature", "properties": { "ogc_fid": 18, "il_adi": "ÇORUM", "ilce_adi": null, "tİpİ": "İL" }, "geometry": { "type": "Point", "coordinates": [ 34.94865039085127, 40.552639599842394 ] } },
{ "type": "Feature", "properties": { "ogc_fid": 19, "il_adi": "DİYARBAKIR", "ilce_adi": null, "tİpİ": "İL" }, "geometry": { "type": "Point", "coordinates": [ 40.212522439398967, 37.924081344111691 ] } },
{ "type": "Feature", "properties": { "ogc_fid": 20, "il_adi": "EDİRNE", "ilce_adi": null, "tİpİ": "İL" }, "geometry": { "type": "Point", "coordinates": [ 26.543489481638439, 41.676127347733996 ] } },
{ "type": "Feature", "properties": { "ogc_fid": 21, "il_adi": "ELAZIĞ", "ilce_adi": null, "tİpİ": "İL" }, "geometry": { "type": "Point", "coordinates": [ 39.206898446625637, 38.667753919921658 ] } },
{ "type": "Feature", "properties": { "ogc_fid": 22, "il_adi": "ERZİNCAN", "ilce_adi": null, "tİpİ": "İL" }, "geometry": { "type": "Point", "coordinates": [ 39.479151608538579, 39.748468087609041 ] } },
{ "type": "Feature", "properties": { "ogc_fid": 23, "il_adi": "ERZURUM", "ilce_adi": null, "tİpİ": "İL" }, "geometry": { "type": "Point", "coordinates": [ 41.269160298211531, 39.898209817825368 ] } },
{ "type": "Feature", "properties": { "ogc_fid": 24, "il_adi": "ESKİŞEHİR", "ilce_adi": null, "tİpİ": "İL" }, "geometry": { "type": "Point", "coordinates": [ 30.494442601558674, 39.768530337599117 ] } },
{ "type": "Feature", "properties": { "ogc_fid": 25, "il_adi": "GAZİANTEP", "ilce_adi": null, "tİpİ": "İL" }, "geometry": { "type": "Point", "coordinates": [ 37.368191010812453, 37.067048812649837 ] } },
{ "type": "Feature", "properties": { "ogc_fid": 26, "il_adi": "GİRESUN", "ilce_adi": null, "tİpİ": "İL" }, "geometry": { "type": "Point", "coordinates": [ 38.407355095550948, 40.891984986769977 ] } },
{ "type": "Feature", "properties": { "ogc_fid": 27, "il_adi": "GÜMÜŞHANE", "ilce_adi": null, "tİpİ": "İL" }, "geometry": { "type": "Point", "coordinates": [ 39.478261241108953, 40.458427236943656 ] } },
{ "type": "Feature", "properties": { "ogc_fid": 28, "il_adi": "HAKKARİ", "ilce_adi": null, "tİpİ": "İL" }, "geometry": { "type": "Point", "coordinates": [ 43.777767193925072, 37.574670490798972 ] } },
{ "type": "Feature", "properties": { "ogc_fid": 29, "il_adi": "HATAY", "ilce_adi": null, "tİpİ": "İL" }, "geometry": { "type": "Point", "coordinates": [ 36.158889281182212, 36.198881953324118 ] } },
{ "type": "Feature", "properties": { "ogc_fid": 30, "il_adi": "ISPARTA", "ilce_adi": null, "tİpİ": "İL" }, "geometry": { "type": "Point", "coordinates": [ 30.552727067162127, 37.783097140514705 ] } },
{ "type": "Feature", "properties": { "ogc_fid": 31, "il_adi": "MERSİN", "ilce_adi": null, "tİpİ": "İL" }, "geometry": { "type": "Point", "coordinates": [ 34.654415855573433, 36.821758480908258 ] } },
{ "type": "Feature", "properties": { "ogc_fid": 32, "il_adi": "KARS", "ilce_adi": null, "tİpİ": "İL" }, "geometry": { "type": "Point", "coordinates": [ 43.115375203010956, 40.617816656467681 ] } },
{ "type": "Feature", "properties": { "ogc_fid": 33, "il_adi": "KASTAMONU", "ilce_adi": null, "tİpİ": "İL" }, "geometry": { "type": "Point", "coordinates": [ 33.740334909976909, 41.370005360556412 ] } },
{ "type": "Feature", "properties": { "ogc_fid": 34, "il_adi": "KAYSERİ", "ilce_adi": null, "tİpİ": "İL" }, "geometry": { "type": "Point", "coordinates": [ 35.488634474269702, 38.722292285114662 ] } },
{ "type": "Feature", "properties": { "ogc_fid": 35, "il_adi": "KIRKLARELİ", "ilce_adi": null, "tİpİ": "İL" }, "geometry": { "type": "Point", "coordinates": [ 27.218857390732282, 41.735924123546056 ] } },
{ "type": "Feature", "properties": { "ogc_fid": 36, "il_adi": "KIRŞEHİR", "ilce_adi": null, "tİpİ": "İL" }, "geometry": { "type": "Point", "coordinates": [ 34.15977289907039, 39.14642721812131 ] } },
{ "type": "Feature", "properties": { "ogc_fid": 37, "il_adi": "KOCAELİ", "ilce_adi": null, "tİpİ": "İL" }, "geometry": { "type": "Point", "coordinates": [ 29.938132037405754, 40.781060389671417 ] } },
{ "type": "Feature", "properties": { "ogc_fid": 38, "il_adi": "KONYA", "ilce_adi": null, "tİpİ": "İL" }, "geometry": { "type": "Point", "coordinates": [ 32.50442646624554, 37.843963318576357 ] } },
{ "type": "Feature", "properties": { "ogc_fid": 39, "il_adi": "KÜTAHYA", "ilce_adi": null, "tİpİ": "İL" }, "geometry": { "type": "Point", "coordinates": [ 29.994858491912069, 39.43472201138168 ] } },
{ "type": "Feature", "properties": { "ogc_fid": 40, "il_adi": "MALATYA", "ilce_adi": null, "tİpİ": "İL" }, "geometry": { "type": "Point", "coordinates": [ 38.328740653223342, 38.34698524902435 ] } },
{ "type": "Feature", "properties": { "ogc_fid": 41, "il_adi": "MANİSA", "ilce_adi": null, "tİpİ": "İL" }, "geometry": { "type": "Point", "coordinates": [ 27.433656563671565, 38.622269901277761 ] } },
{ "type": "Feature", "properties": { "ogc_fid": 42, "il_adi": "KAHRAMANMARAŞ", "ilce_adi": null, "tİpİ": "İL" }, "geometry": { "type": "Point", "coordinates": [ 36.927703925520412, 37.57726007843597 ] } },
{ "type": "Feature", "properties": { "ogc_fid": 43, "il_adi": "MARDİN", "ilce_adi": null, "tİpİ": "İL" }, "geometry": { "type": "Point", "coordinates": [ 40.737787098560425, 37.312288044158628 ] } },
{ "type": "Feature", "properties": { "ogc_fid": 44, "il_adi": "MUĞLA", "ilce_adi": null, "tİpİ": "İL" }, "geometry": { "type": "Point", "coordinates": [ 28.351618411947662, 37.203458706850213 ] } },
{ "type": "Feature", "properties": { "ogc_fid": 45, "il_adi": "MUŞ", "ilce_adi": null, "tİpİ": "İL" }, "geometry": { "type": "Point", "coordinates": [ 41.497441553813232, 38.741973878735671 ] } },
{ "type": "Feature", "properties": { "ogc_fid": 46, "il_adi": "NEVŞEHİR", "ilce_adi": null, "tİpİ": "İL" }, "geometry": { "type": "Point", "coordinates": [ 34.709577045321112, 38.620395344567761 ] } },
{ "type": "Feature", "properties": { "ogc_fid": 47, "il_adi": "NİĞDE", "ilce_adi": null, "tİpİ": "İL" }, "geometry": { "type": "Point", "coordinates": [ 34.676652494971158, 37.97004238641621 ] } },
{ "type": "Feature", "properties": { "ogc_fid": 48, "il_adi": "ORDU", "ilce_adi": null, "tİpİ": "İL" }, "geometry": { "type": "Point", "coordinates": [ 37.897507415677026, 40.953632691760617 ] } },
{ "type": "Feature", "properties": { "ogc_fid": 49, "il_adi": "RİZE", "ilce_adi": null, "tİpİ": "İL" }, "geometry": { "type": "Point", "coordinates": [ 40.487687757115197, 41.009946171083925 ] } },
{ "type": "Feature", "properties": { "ogc_fid": 50, "il_adi": "SAKARYA", "ilce_adi": null, "tİpİ": "İL" }, "geometry": { "type": "Point", "coordinates": [ 30.399985687608666, 40.780557305546864 ] } },
{ "type": "Feature", "properties": { "ogc_fid": 51, "il_adi": "SAMSUN", "ilce_adi": null, "tİpİ": "İL" }, "geometry": { "type": "Point", "coordinates": [ 36.293868904305874, 41.288698902637016 ] } },
{ "type": "Feature", "properties": { "ogc_fid": 52, "il_adi": "SİİRT", "ilce_adi": null, "tİpİ": "İL" }, "geometry": { "type": "Point", "coordinates": [ 41.935284332891598, 37.928358028852124 ] } },
{ "type": "Feature", "properties": { "ogc_fid": 53, "il_adi": "SİVAS", "ilce_adi": null, "tİpİ": "İL" }, "geometry": { "type": "Point", "coordinates": [ 37.014765805533841, 39.738468682444903 ] } },
{ "type": "Feature", "properties": { "ogc_fid": 54, "il_adi": "TEKİRDAĞ", "ilce_adi": null, "tİpİ": "İL" }, "geometry": { "type": "Point", "coordinates": [ 27.466824278397393, 40.96786493080922 ] } },
{ "type": "Feature", "properties": { "ogc_fid": 55, "il_adi": "TOKAT", "ilce_adi": null, "tİpİ": "İL" }, "geometry": { "type": "Point", "coordinates": [ 36.552473725990268, 40.314145005800739 ] } },
{ "type": "Feature", "properties": { "ogc_fid": 56, "il_adi": "TRABZON", "ilce_adi": null, "tİpİ": "İL" }, "geometry": { "type": "Point", "coordinates": [ 39.686533264069517, 40.985540282160066 ] } },
{ "type": "Feature", "properties": { "ogc_fid": 57, "il_adi": "TUNCELİ", "ilce_adi": null, "tİpİ": "İL" }, "geometry": { "type": "Point", "coordinates": [ 39.543510593045383, 39.099211838170639 ] } },
{ "type": "Feature", "properties": { "ogc_fid": 58, "il_adi": "ŞANLIURFA", "ilce_adi": null, "tİpİ": "İL" }, "geometry": { "type": "Point", "coordinates": [ 38.786037934207833, 37.153594554700156 ] } },
{ "type": "Feature", "properties": { "ogc_fid": 59, "il_adi": "UŞAK", "ilce_adi": null, "tİpİ": "İL" }, "geometry": { "type": "Point", "coordinates": [ 29.402250989596531, 38.670292945695913 ] } },
{ "type": "Feature", "properties": { "ogc_fid": 60, "il_adi": "VAN", "ilce_adi": null, "tİpİ": "İL" }, "geometry": { "type": "Point", "coordinates": [ 43.383230922149458, 38.494564700173413 ] } },
{ "type": "Feature", "properties": { "ogc_fid": 61, "il_adi": "YOZGAT", "ilce_adi": null, "tİpİ": "İL" }, "geometry": { "type": "Point", "coordinates": [ 34.785519123556689, 39.814113228211653 ] } },
{ "type": "Feature", "properties": { "ogc_fid": 62, "il_adi": "ZONGULDAK", "ilce_adi": null, "tİpİ": "İL" }, "geometry": { "type": "Point", "coordinates": [ 31.812321389617921, 41.440750837929464 ] } },
{ "type": "Feature", "properties": { "ogc_fid": 63, "il_adi": "AKSARAY", "ilce_adi": null, "tİpİ": "İL" }, "geometry": { "type": "Point", "coordinates": [ 34.014089905333364, 38.372847930108549 ] } },
{ "type": "Feature", "properties": { "ogc_fid": 64, "il_adi": "BAYBURT", "ilce_adi": null, "tİpİ": "İL" }, "geometry": { "type": "Point", "coordinates": [ 40.22288749078082, 40.256312505237233 ] } },
{ "type": "Feature", "properties": { "ogc_fid": 65, "il_adi": "KARAMAN", "ilce_adi": null, "tİpİ": "İL" }, "geometry": { "type": "Point", "coordinates": [ 33.215985096716629, 37.182750223999903 ] } },
{ "type": "Feature", "properties": { "ogc_fid": 66, "il_adi": "KIRIKKALE", "ilce_adi": null, "tİpİ": "İL" }, "geometry": { "type": "Point", "coordinates": [ 33.495829572412852, 39.863533205524895 ] } },
{ "type": "Feature", "properties": { "ogc_fid": 67, "il_adi": "BATMAN", "ilce_adi": null, "tİpİ": "İL" }, "geometry": { "type": "Point", "coordinates": [ 41.13062404717563, 37.887863303704684 ] } },
{ "type": "Feature", "properties": { "ogc_fid": 68, "il_adi": "ŞIRNAK", "ilce_adi": null, "tİpİ": "İL" }, "geometry": { "type": "Point", "coordinates": [ 42.456756075165437, 37.522258494245484 ] } },
{ "type": "Feature", "properties": { "ogc_fid": 69, "il_adi": "BARTIN", "ilce_adi": null, "tİpİ": "İL" }, "geometry": { "type": "Point", "coordinates": [ 32.32772809736587, 41.630033429424905 ] } },
{ "type": "Feature", "properties": { "ogc_fid": 70, "il_adi": "ARDAHAN", "ilce_adi": null, "tİpİ": "İL" }, "geometry": { "type": "Point", "coordinates": [ 42.701390502896309, 41.113656454899278 ] } },
{ "type": "Feature", "properties": { "ogc_fid": 71, "il_adi": "IĞDIR", "ilce_adi": null, "tİpİ": "İL" }, "geometry": { "type": "Point", "coordinates": [ 44.062264272069854, 39.915871783243524 ] } },
{ "type": "Feature", "properties": { "ogc_fid": 72, "il_adi": "YALOVA", "ilce_adi": null, "tİpİ": "İL" }, "geometry": { "type": "Point", "coordinates": [ 29.254930017822165, 40.636994439039512 ] } },
{ "type": "Feature", "properties": { "ogc_fid": 73, "il_adi": "KARABÜK", "ilce_adi": null, "tİpİ": "İL" }, "geometry": { "type": "Point", "coordinates": [ 32.606503441276104, 41.189967972303144 ] } },
{ "type": "Feature", "properties": { "ogc_fid": 74, "il_adi": "KİLİS", "ilce_adi": null, "tİpİ": "İL" }, "geometry": { "type": "Point", "coordinates": [ 37.113334793864901, 36.715576468773023 ] } },
{ "type": "Feature", "properties": { "ogc_fid": 75, "il_adi": "OSMANİYE", "ilce_adi": null, "tİpİ": "İL" }, "geometry": { "type": "Point", "coordinates": [ 36.265643094790889, 37.05238087810887 ] } },
{ "type": "Feature", "properties": { "ogc_fid": 76, "il_adi": "DÜZCE", "ilce_adi": null, "tİpİ": "İL" }, "geometry": { "type": "Point", "coordinates": [ 31.140105640588818, 40.808050917342115 ] } },
{ "type": "Feature", "properties": { "ogc_fid": 77, "il_adi": "SİNOP", "ilce_adi": null, "tİpİ": "İL" }, "geometry": { "type": "Point", "coordinates": [ 35.141038130018394, 42.024597943825938 ] } },
{ "type": "Feature", "properties": { "ogc_fid": 78, "il_adi": "BALIKESİR", "ilce_adi": null, "tİpİ": "İL" }, "geometry": { "type": "Point", "coordinates": [ 27.895360293918589, 39.650535215817982 ] } },
{ "type": "Feature", "properties": { "ogc_fid": 79, "il_adi": "DENİZLİ", "ilce_adi": null, "tİpİ": "İL" }, "geometry": { "type": "Point", "coordinates": [ 29.090748418582677, 37.771532444038726 ] } },
{ "type": "Feature", "properties": { "ogc_fid": 80, "il_adi": "İSTANBUL", "ilce_adi": null, "tİpİ": "İL" }, "geometry": { "type": "Point", "coordinates": [ 29.010785628357262, 41.021961395787649 ] } },
{ "type": "Feature", "properties": { "ogc_fid": 81, "il_adi": "İZMİR", "ilce_adi": null, "tİpİ": "İL" }, "geometry": { "type": "Point", "coordinates": [ 27.152964987815675, 38.41025910403107 ] } }
]
}